--
-- PostgreSQL database dump
--

\restrict cnscszMDVP1hPQbKDCYBMfJZAJwolysgkjcHfoHMFQWaD4YxKNJR9ntqCaJnupD

-- Dumped from database version 16.11 (Debian 16.11-1.pgdg13+1)
-- Dumped by pg_dump version 16.11 (Debian 16.11-1.pgdg13+1)

SET statement_timeout = 0;
SET lock_timeout = 0;
SET idle_in_transaction_session_timeout = 0;
SET client_encoding = 'UTF8';
SET standard_conforming_strings = on;
SELECT pg_catalog.set_config('search_path', '', false);
SET check_function_bodies = false;
SET xmloption = content;
SET client_min_messages = warning;
SET row_security = off;

SET default_tablespace = '';

SET default_table_access_method = heap;

--
-- Name: activities; Type: TABLE; Schema: public; Owner: skillbridge_user
--

CREATE TABLE public.activities (
    id bigint NOT NULL,
    css_type character varying(255),
    description character varying(255),
    "timestamp" timestamp(6) without time zone,
    title character varying(255),
    user_id bigint,
    user_role character varying(255)
);


ALTER TABLE public.activities OWNER TO skillbridge_user;

--
-- Name: activities_id_seq; Type: SEQUENCE; Schema: public; Owner: skillbridge_user
--

ALTER TABLE public.activities ALTER COLUMN id ADD GENERATED BY DEFAULT AS IDENTITY (
    SEQUENCE NAME public.activities_id_seq
    START WITH 1
    INCREMENT BY 1
    NO MINVALUE
    NO MAXVALUE
    CACHE 1
);


--
-- Name: project_invitations; Type: TABLE; Schema: public; Owner: skillbridge_user
--

CREATE TABLE public.project_invitations (
    id bigint NOT NULL,
    status character varying(255),
    project_id bigint NOT NULL,
    student_id bigint NOT NULL,
    CONSTRAINT project_invitations_status_check CHECK (((status)::text = ANY ((ARRAY['PENDING'::character varying, 'ACCEPTED'::character varying, 'REJECTED'::character varying])::text[])))
);


ALTER TABLE public.project_invitations OWNER TO skillbridge_user;

--
-- Name: project_invitations_id_seq; Type: SEQUENCE; Schema: public; Owner: skillbridge_user
--

ALTER TABLE public.project_invitations ALTER COLUMN id ADD GENERATED BY DEFAULT AS IDENTITY (
    SEQUENCE NAME public.project_invitations_id_seq
    START WITH 1
    INCREMENT BY 1
    NO MINVALUE
    NO MAXVALUE
    CACHE 1
);


--
-- Name: project_required_skills; Type: TABLE; Schema: public; Owner: skillbridge_user
--

CREATE TABLE public.project_required_skills (
    project_id bigint NOT NULL,
    skill_id bigint NOT NULL
);


ALTER TABLE public.project_required_skills OWNER TO skillbridge_user;

--
-- Name: projects; Type: TABLE; Schema: public; Owner: skillbridge_user
--

CREATE TABLE public.projects (
    id bigint NOT NULL,
    deadline date,
    description character varying(1000),
    title character varying(255),
    teacher_id bigint NOT NULL,
    status character varying(255),
    CONSTRAINT projects_status_check CHECK (((status)::text = ANY ((ARRAY['ACTIVE'::character varying, 'FINISHED'::character varying, 'CANCELLED'::character varying])::text[])))
);


ALTER TABLE public.projects OWNER TO skillbridge_user;

--
-- Name: projects_id_seq; Type: SEQUENCE; Schema: public; Owner: skillbridge_user
--

ALTER TABLE public.projects ALTER COLUMN id ADD GENERATED BY DEFAULT AS IDENTITY (
    SEQUENCE NAME public.projects_id_seq
    START WITH 1
    INCREMENT BY 1
    NO MINVALUE
    NO MAXVALUE
    CACHE 1
);


--
-- Name: skills; Type: TABLE; Schema: public; Owner: skillbridge_user
--

CREATE TABLE public.skills (
    id bigint NOT NULL,
    name character varying(255) NOT NULL
);


ALTER TABLE public.skills OWNER TO skillbridge_user;

--
-- Name: skills_id_seq; Type: SEQUENCE; Schema: public; Owner: skillbridge_user
--

ALTER TABLE public.skills ALTER COLUMN id ADD GENERATED BY DEFAULT AS IDENTITY (
    SEQUENCE NAME public.skills_id_seq
    START WITH 1
    INCREMENT BY 1
    NO MINVALUE
    NO MAXVALUE
    CACHE 1
);


--
-- Name: student_skills; Type: TABLE; Schema: public; Owner: skillbridge_user
--

CREATE TABLE public.student_skills (
    id bigint NOT NULL,
    proficiency integer NOT NULL,
    skill_id bigint NOT NULL,
    student_id bigint NOT NULL
);


ALTER TABLE public.student_skills OWNER TO skillbridge_user;

--
-- Name: student_skills_id_seq; Type: SEQUENCE; Schema: public; Owner: skillbridge_user
--

ALTER TABLE public.student_skills ALTER COLUMN id ADD GENERATED BY DEFAULT AS IDENTITY (
    SEQUENCE NAME public.student_skills_id_seq
    START WITH 1
    INCREMENT BY 1
    NO MINVALUE
    NO MAXVALUE
    CACHE 1
);


--
-- Name: students; Type: TABLE; Schema: public; Owner: skillbridge_user
--

CREATE TABLE public.students (
    id bigint NOT NULL,
    academic_year character varying(255),
    availability_status character varying(255),
    department character varying(255),
    email character varying(255),
    name character varying(255),
    password character varying(255),
    username character varying(255),
    behance_url character varying(255),
    github_url character varying(255),
    linkedin_url character varying(255),
    portfolio_url character varying(255),
    avatar_url character varying(255),
    CONSTRAINT students_academic_year_check CHECK (((academic_year)::text = ANY ((ARRAY['FIRST_YEAR'::character varying, 'SECOND_YEAR'::character varying, 'THIRD_YEAR'::character varying, 'FOURTH_YEAR'::character varying])::text[]))),
    CONSTRAINT students_availability_status_check CHECK (((availability_status)::text = ANY ((ARRAY['AVAILABLE'::character varying, 'BUSY'::character varying, 'OPEN_TO_WORK'::character varying])::text[]))),
    CONSTRAINT students_department_check CHECK (((department)::text = ANY ((ARRAY['BCA'::character varying, 'MCA'::character varying, 'BSC'::character varying, 'MSC'::character varying])::text[])))
);


ALTER TABLE public.students OWNER TO skillbridge_user;

--
-- Name: students_id_seq; Type: SEQUENCE; Schema: public; Owner: skillbridge_user
--

ALTER TABLE public.students ALTER COLUMN id ADD GENERATED BY DEFAULT AS IDENTITY (
    SEQUENCE NAME public.students_id_seq
    START WITH 1
    INCREMENT BY 1
    NO MINVALUE
    NO MAXVALUE
    CACHE 1
);


--
-- Name: teachers; Type: TABLE; Schema: public; Owner: skillbridge_user
--

CREATE TABLE public.teachers (
    id bigint NOT NULL,
    email character varying(255),
    name character varying(255),
    password character varying(255),
    username character varying(255),
    avatar_url character varying(255)
);


ALTER TABLE public.teachers OWNER TO skillbridge_user;

--
-- Name: teachers_id_seq; Type: SEQUENCE; Schema: public; Owner: skillbridge_user
--

ALTER TABLE public.teachers ALTER COLUMN id ADD GENERATED BY DEFAULT AS IDENTITY (
    SEQUENCE NAME public.teachers_id_seq
    START WITH 1
    INCREMENT BY 1
    NO MINVALUE
    NO MAXVALUE
    CACHE 1
);


--
-- Data for Name: activities; Type: TABLE DATA; Schema: public; Owner: skillbridge_user
--

COPY public.activities (id, css_type, description, "timestamp", title, user_id, user_role) FROM stdin;
1	INFO	You invited Arun Goyal to "College Fest Website"	2026-03-23 19:21:33.148781	Invitation sent	1	TEACHER
2	INFO	You were invited to "College Fest Website" by Dr. Rao	2026-03-23 19:21:33.156039	New Project Invitation	2	STUDENT
3	INFO	You invited Mayank to "Test Project"	2026-03-23 19:21:56.942962	Invitation sent	1	TEACHER
4	INFO	You were invited to "Test Project" by Dr. Rao	2026-03-23 19:21:56.949489	New Project Invitation	1	STUDENT
\.


--
-- Data for Name: project_invitations; Type: TABLE DATA; Schema: public; Owner: skillbridge_user
--

COPY public.project_invitations (id, status, project_id, student_id) FROM stdin;
1	ACCEPTED	1	1
2	REJECTED	1	1
3	ACCEPTED	1	1
11	PENDING	2	2
10	ACCEPTED	1	2
5	REJECTED	2	2
12	PENDING	1	2
13	PENDING	4	1
4	ACCEPTED	1	1
\.


--
-- Data for Name: project_required_skills; Type: TABLE DATA; Schema: public; Owner: skillbridge_user
--

COPY public.project_required_skills (project_id, skill_id) FROM stdin;
1	1
1	2
8	1
8	2
4	16
\.


--
-- Data for Name: projects; Type: TABLE DATA; Schema: public; Owner: skillbridge_user
--

COPY public.projects (id, deadline, description, title, teacher_id, status) FROM stdin;
1	2026-02-10	Build a responsive website for the upcoming college fest	College Fest Website	1	\N
8	\N	Create a cross-platform mobile application. Test project 1.	Mobile App Development	2	\N
2	2026-02-10	Build a responsive website for the upcoming college fest	College Fest Website - 2	1	FINISHED
4	2026-02-27	Just a test for the frontend functionality.	Test Project	1	ACTIVE
\.


--
-- Data for Name: skills; Type: TABLE DATA; Schema: public; Owner: skillbridge_user
--

COPY public.skills (id, name) FROM stdin;
1	Flutter
2	Spring Boot
6	Arun Goyal
7	Adobe
9	Java
10	Git
11	Node.js
12	UI/UX Design
13	Figma
16	Python
17	Canva
40	React
41	Vue.js
42	Angular
43	JavaScript
44	TypeScript
45	Docker
46	PostgreSQL
47	MySQL
48	MongoDB
49	HTML
50	CSS
51	Adobe XD
52	Machine Learning
53	Data Analysis
54	TensorFlow
55	Kotlin
56	Swift
57	C++
58	C#
59	PHP
60	Laravel
61	Django
62	Firebase
\.


--
-- Data for Name: student_skills; Type: TABLE DATA; Schema: public; Owner: skillbridge_user
--

COPY public.student_skills (id, proficiency, skill_id, student_id) FROM stdin;
16	5	7	2
17	4	1	1
19	3	2	1
21	4	9	1
22	3	10	1
23	2	11	1
24	3	12	2
25	4	13	2
26	4	17	2
27	4	40	3
28	4	43	3
29	3	50	3
30	3	13	3
31	4	16	4
32	3	52	4
33	2	54	4
34	3	53	4
35	5	9	5
36	4	2	5
37	3	46	5
38	4	10	5
39	4	1	6
40	3	55	6
41	2	62	6
42	3	10	6
43	4	11	7
44	4	43	7
45	3	48	7
46	2	45	7
47	5	12	8
48	5	13	8
49	4	51	8
50	3	49	8
51	4	50	8
52	3	16	9
53	3	61	9
54	2	46	9
55	3	10	9
56	4	42	10
57	4	44	10
58	4	49	10
59	3	50	10
60	4	9	11
61	3	2	11
62	3	47	11
63	4	10	11
64	4	41	12
65	4	43	12
66	3	11	12
67	3	48	12
68	4	57	13
69	3	16	13
70	3	52	13
71	4	10	13
72	4	49	14
73	4	50	14
74	3	43	14
75	2	13	14
76	3	59	15
77	3	60	15
78	4	47	15
79	3	10	15
\.


--
-- Data for Name: students; Type: TABLE DATA; Schema: public; Owner: skillbridge_user
--

COPY public.students (id, academic_year, availability_status, department, email, name, password, username, behance_url, github_url, linkedin_url, portfolio_url, avatar_url) FROM stdin;
15	SECOND_YEAR	AVAILABLE	BSC	karan@skillbridge.dev	Karan Malhotra	$2a$10$rViH5HCOgP660y7pdBb4p.hOPCfvt0VZa/1ylJ6ClleVYS9MSoAT2	karan	\N	https://github.com/karanmalhotra	https://linkedin.com/in/karanmalhotra	\N	\N
2	SECOND_YEAR	AVAILABLE	BCA	arun@skillbridge.dev	Arun Goyal	$2a$10$uOzeq7.KBJmqmS9YW.l9L.wM5q4NRfCSG0I7DkVQ5K1h1Wx1mDuVi	Damo	https://behance.net/arungoyal	\N	\N	\N	\N
1	THIRD_YEAR	OPEN_TO_WORK	BCA	mayank@skillbridge.dev	Mayank	$2a$10$sV/py8cutmeoCpE4TNqGA.0vcI.7r0svdUKRIoKf2wIQV8I85mWXK	pixel	https://github.com/Pixel-Code-Hub206/lasyam_jewellery_application	https://github.com/Pixel-Code-Hub206/lasyam_jewellery_application	https://www.linkedin.com/in/mayank206/	https://github.com/Pixel-Code-Hub206/lasyam_jewellery_application	/uploads/avatars/student_1_1774276029375.jpg
3	SECOND_YEAR	AVAILABLE	BCA	arun@skillbridge.dev	Arun Goyal	$2a$10$rViH5HCOgP660y7pdBb4p.hOPCfvt0VZa/1ylJ6ClleVYS9MSoAT2	arun	\N	https://github.com/arungoyal	https://linkedin.com/in/arungoyal	\N	\N
4	FIRST_YEAR	OPEN_TO_WORK	MCA	priya@skillbridge.dev	Priya Sharma	$2a$10$rViH5HCOgP660y7pdBb4p.hOPCfvt0VZa/1ylJ6ClleVYS9MSoAT2	priya	\N	https://github.com/priyasharma	https://linkedin.com/in/priyasharma	\N	\N
5	THIRD_YEAR	AVAILABLE	BCA	rahul@skillbridge.dev	Rahul Mehta	$2a$10$rViH5HCOgP660y7pdBb4p.hOPCfvt0VZa/1ylJ6ClleVYS9MSoAT2	rahul	\N	https://github.com/rahulmehta	https://linkedin.com/in/rahulmehta	\N	\N
6	SECOND_YEAR	BUSY	BSC	sneha@skillbridge.dev	Sneha Patel	$2a$10$rViH5HCOgP660y7pdBb4p.hOPCfvt0VZa/1ylJ6ClleVYS9MSoAT2	sneha	\N	https://github.com/snehapatel	https://linkedin.com/in/snehapatel	\N	\N
7	SECOND_YEAR	AVAILABLE	MCA	arjun@skillbridge.dev	Arjun Nair	$2a$10$rViH5HCOgP660y7pdBb4p.hOPCfvt0VZa/1ylJ6ClleVYS9MSoAT2	arjun	\N	https://github.com/arjunnair	https://linkedin.com/in/arjunnair	\N	\N
8	FOURTH_YEAR	OPEN_TO_WORK	BCA	kavya@skillbridge.dev	Kavya Reddy	$2a$10$rViH5HCOgP660y7pdBb4p.hOPCfvt0VZa/1ylJ6ClleVYS9MSoAT2	kavya	\N	https://github.com/kavyareddy	https://linkedin.com/in/kavyareddy	\N	\N
9	FIRST_YEAR	AVAILABLE	BSC	rohan@skillbridge.dev	Rohan Verma	$2a$10$rViH5HCOgP660y7pdBb4p.hOPCfvt0VZa/1ylJ6ClleVYS9MSoAT2	rohan	\N	https://github.com/rohanverma	https://linkedin.com/in/rohanverma	\N	\N
10	THIRD_YEAR	OPEN_TO_WORK	MCA	anjali@skillbridge.dev	Anjali Singh	$2a$10$rViH5HCOgP660y7pdBb4p.hOPCfvt0VZa/1ylJ6ClleVYS9MSoAT2	anjali	\N	https://github.com/anjalisingh	https://linkedin.com/in/anjalisingh	\N	\N
11	SECOND_YEAR	AVAILABLE	BCA	vikram@skillbridge.dev	Vikram Kumar	$2a$10$rViH5HCOgP660y7pdBb4p.hOPCfvt0VZa/1ylJ6ClleVYS9MSoAT2	vikram	\N	https://github.com/vikramkumar	https://linkedin.com/in/vikramkumar	\N	\N
12	THIRD_YEAR	BUSY	BSC	divya@skillbridge.dev	Divya Menon	$2a$10$rViH5HCOgP660y7pdBb4p.hOPCfvt0VZa/1ylJ6ClleVYS9MSoAT2	divya	\N	https://github.com/divyamenon	https://linkedin.com/in/divyamenon	\N	\N
13	FOURTH_YEAR	AVAILABLE	MCA	sid@skillbridge.dev	Siddharth Joshi	$2a$10$rViH5HCOgP660y7pdBb4p.hOPCfvt0VZa/1ylJ6ClleVYS9MSoAT2	sid	\N	https://github.com/siddharthjoshi	https://linkedin.com/in/siddharthjoshi	\N	\N
14	FIRST_YEAR	OPEN_TO_WORK	BCA	neha@skillbridge.dev	Neha Gupta	$2a$10$rViH5HCOgP660y7pdBb4p.hOPCfvt0VZa/1ylJ6ClleVYS9MSoAT2	neha	\N	https://github.com/nehagupta	https://linkedin.com/in/nehagupta	\N	\N
\.


--
-- Data for Name: teachers; Type: TABLE DATA; Schema: public; Owner: skillbridge_user
--

COPY public.teachers (id, email, name, password, username, avatar_url) FROM stdin;
2	nasrulla@gmail.com	Dr. Nasrulla Khan	$2a$10$QF3MFQO2Lurr3oBwkTSVfuPtie.LF8mWdI0upBOXT8ybahLz/CWou	Nasrulla	\N
1	rao@skillbridge.dev	Dr. Rao	$2a$10$iqb8kGgMUvhMP2CHsRM/B.TUGFTp/gV.4DjQVsCA3jMQyBxGB6d8m	rao	/uploads/avatars/teacher_1_1774281601778.jpg
3	anita@skillbridge.dev	Prof. Anita Sharma	$2a$10$65e8WlqpkxSB/8uyMuOLueMjZKgKj/6NC2UXGt.CLprJOUd7R7ebu	anita	\N
4	ramesh@skillbridge.dev	Dr. Ramesh Iyer	$2a$10$65e8WlqpkxSB/8uyMuOLueMjZKgKj/6NC2UXGt.CLprJOUd7R7ebu	ramesh	\N
5	sunita@skillbridge.dev	Prof. Sunita Verma	$2a$10$65e8WlqpkxSB/8uyMuOLueMjZKgKj/6NC2UXGt.CLprJOUd7R7ebu	sunita	\N
6	karthik@skillbridge.dev	Dr. Karthik Menon	$2a$10$65e8WlqpkxSB/8uyMuOLueMjZKgKj/6NC2UXGt.CLprJOUd7R7ebu	karthik	\N
7	deepa@skillbridge.dev	Prof. Deepa Nair	$2a$10$65e8WlqpkxSB/8uyMuOLueMjZKgKj/6NC2UXGt.CLprJOUd7R7ebu	deepa	\N
8	suresh@skillbridge.dev	Dr. Suresh Patel	$2a$10$65e8WlqpkxSB/8uyMuOLueMjZKgKj/6NC2UXGt.CLprJOUd7R7ebu	suresh	\N
9	lavanya@skillbridge.dev	Prof. Lavanya Kumar	$2a$10$65e8WlqpkxSB/8uyMuOLueMjZKgKj/6NC2UXGt.CLprJOUd7R7ebu	lavanya	\N
10	vivek@skillbridge.dev	Dr. Vivek Joshi	$2a$10$65e8WlqpkxSB/8uyMuOLueMjZKgKj/6NC2UXGt.CLprJOUd7R7ebu	vivek	\N
11	meera@skillbridge.dev	Prof. Meera Reddy	$2a$10$65e8WlqpkxSB/8uyMuOLueMjZKgKj/6NC2UXGt.CLprJOUd7R7ebu	meera	\N
12	akrishnan@skillbridge.dev	Dr. Arun Krishnan	$2a$10$65e8WlqpkxSB/8uyMuOLueMjZKgKj/6NC2UXGt.CLprJOUd7R7ebu	akrishnan	\N
13	pooja@skillbridge.dev	Prof. Pooja Malhotra	$2a$10$65e8WlqpkxSB/8uyMuOLueMjZKgKj/6NC2UXGt.CLprJOUd7R7ebu	pooja	\N
\.


--
-- Name: activities_id_seq; Type: SEQUENCE SET; Schema: public; Owner: skillbridge_user
--

SELECT pg_catalog.setval('public.activities_id_seq', 4, true);


--
-- Name: project_invitations_id_seq; Type: SEQUENCE SET; Schema: public; Owner: skillbridge_user
--

SELECT pg_catalog.setval('public.project_invitations_id_seq', 13, true);


--
-- Name: projects_id_seq; Type: SEQUENCE SET; Schema: public; Owner: skillbridge_user
--

SELECT pg_catalog.setval('public.projects_id_seq', 9, true);


--
-- Name: skills_id_seq; Type: SEQUENCE SET; Schema: public; Owner: skillbridge_user
--

SELECT pg_catalog.setval('public.skills_id_seq', 62, true);


--
-- Name: student_skills_id_seq; Type: SEQUENCE SET; Schema: public; Owner: skillbridge_user
--

SELECT pg_catalog.setval('public.student_skills_id_seq', 79, true);


--
-- Name: students_id_seq; Type: SEQUENCE SET; Schema: public; Owner: skillbridge_user
--

SELECT pg_catalog.setval('public.students_id_seq', 15, true);


--
-- Name: teachers_id_seq; Type: SEQUENCE SET; Schema: public; Owner: skillbridge_user
--

SELECT pg_catalog.setval('public.teachers_id_seq', 13, true);


--
-- Name: activities activities_pkey; Type: CONSTRAINT; Schema: public; Owner: skillbridge_user
--

ALTER TABLE ONLY public.activities
    ADD CONSTRAINT activities_pkey PRIMARY KEY (id);


--
-- Name: project_invitations project_invitations_pkey; Type: CONSTRAINT; Schema: public; Owner: skillbridge_user
--

ALTER TABLE ONLY public.project_invitations
    ADD CONSTRAINT project_invitations_pkey PRIMARY KEY (id);


--
-- Name: projects projects_pkey; Type: CONSTRAINT; Schema: public; Owner: skillbridge_user
--

ALTER TABLE ONLY public.projects
    ADD CONSTRAINT projects_pkey PRIMARY KEY (id);


--
-- Name: skills skills_pkey; Type: CONSTRAINT; Schema: public; Owner: skillbridge_user
--

ALTER TABLE ONLY public.skills
    ADD CONSTRAINT skills_pkey PRIMARY KEY (id);


--
-- Name: student_skills student_skills_pkey; Type: CONSTRAINT; Schema: public; Owner: skillbridge_user
--

ALTER TABLE ONLY public.student_skills
    ADD CONSTRAINT student_skills_pkey PRIMARY KEY (id);


--
-- Name: students students_pkey; Type: CONSTRAINT; Schema: public; Owner: skillbridge_user
--

ALTER TABLE ONLY public.students
    ADD CONSTRAINT students_pkey PRIMARY KEY (id);


--
-- Name: teachers teachers_pkey; Type: CONSTRAINT; Schema: public; Owner: skillbridge_user
--

ALTER TABLE ONLY public.teachers
    ADD CONSTRAINT teachers_pkey PRIMARY KEY (id);


--
-- Name: student_skills uk6sxero887rbav6xx8yjtr6sip; Type: CONSTRAINT; Schema: public; Owner: skillbridge_user
--

ALTER TABLE ONLY public.student_skills
    ADD CONSTRAINT uk6sxero887rbav6xx8yjtr6sip UNIQUE (student_id, skill_id);


--
-- Name: skills uk85woe63nu9klkk9fa73vf0jd0; Type: CONSTRAINT; Schema: public; Owner: skillbridge_user
--

ALTER TABLE ONLY public.skills
    ADD CONSTRAINT uk85woe63nu9klkk9fa73vf0jd0 UNIQUE (name);


--
-- Name: project_required_skills fk6fw9a3uxnf8i360y5i2pgblv7; Type: FK CONSTRAINT; Schema: public; Owner: skillbridge_user
--

ALTER TABLE ONLY public.project_required_skills
    ADD CONSTRAINT fk6fw9a3uxnf8i360y5i2pgblv7 FOREIGN KEY (skill_id) REFERENCES public.skills(id);


--
-- Name: project_invitations fk978pq3d61i8q2nydul3uan9e4; Type: FK CONSTRAINT; Schema: public; Owner: skillbridge_user
--

ALTER TABLE ONLY public.project_invitations
    ADD CONSTRAINT fk978pq3d61i8q2nydul3uan9e4 FOREIGN KEY (student_id) REFERENCES public.students(id);


--
-- Name: student_skills fkdyl6ffxg89qebmlpcg2x3fnbw; Type: FK CONSTRAINT; Schema: public; Owner: skillbridge_user
--

ALTER TABLE ONLY public.student_skills
    ADD CONSTRAINT fkdyl6ffxg89qebmlpcg2x3fnbw FOREIGN KEY (skill_id) REFERENCES public.skills(id);


--
-- Name: projects fkf8huwdj6vts4uie4cp41triic; Type: FK CONSTRAINT; Schema: public; Owner: skillbridge_user
--

ALTER TABLE ONLY public.projects
    ADD CONSTRAINT fkf8huwdj6vts4uie4cp41triic FOREIGN KEY (teacher_id) REFERENCES public.teachers(id);


--
-- Name: project_required_skills fkg4n55mo87tvts0jhvlppgvupe; Type: FK CONSTRAINT; Schema: public; Owner: skillbridge_user
--

ALTER TABLE ONLY public.project_required_skills
    ADD CONSTRAINT fkg4n55mo87tvts0jhvlppgvupe FOREIGN KEY (project_id) REFERENCES public.projects(id);


--
-- Name: project_invitations fkhk66j7po8n11yhiagqfvtpn0l; Type: FK CONSTRAINT; Schema: public; Owner: skillbridge_user
--

ALTER TABLE ONLY public.project_invitations
    ADD CONSTRAINT fkhk66j7po8n11yhiagqfvtpn0l FOREIGN KEY (project_id) REFERENCES public.projects(id);


--
-- Name: student_skills fkovs9ju1ccjg7kq2m3tct9oh1y; Type: FK CONSTRAINT; Schema: public; Owner: skillbridge_user
--

ALTER TABLE ONLY public.student_skills
    ADD CONSTRAINT fkovs9ju1ccjg7kq2m3tct9oh1y FOREIGN KEY (student_id) REFERENCES public.students(id);


--
-- PostgreSQL database dump complete
--

\unrestrict cnscszMDVP1hPQbKDCYBMfJZAJwolysgkjcHfoHMFQWaD4YxKNJR9ntqCaJnupD

